marital,mean_tv_hours
No answer,2.75
Never married,3.39804469273743
Separated,3.6517857142857144
Divorced,3.131246237206502
Widowed,3.915237134207871
Married,2.6577123050259965
